,greedy-best-search,greedy-first-search,random-greedy-best-search,random-greedy-first-search,priority-greedy-best-search,priority-greedy-first-search,greedy-re-best-search,greedy-re-first-search
greedy-best-search,0.0,0.010635812656884572,0.5963573259888777,0.01156870120821363,0.2764309548210656,0.18831677209646747,0.8621628959363773,0.5982449742226372
greedy-first-search,0.010635812656884572,0.0,0.03945831485692493,0.7119045429575669,0.8910256748917196,0.6699916197124026,0.015418788245561662,0.014548829973950671
random-greedy-best-search,0.5963573259888777,0.03945831485692493,0.0,0.0031000592938394606,0.21942451472453295,0.23442519414915242,0.8650573794343018,0.4030990462679106
random-greedy-first-search,0.01156870120821363,0.7119045429575669,0.0031000592938394606,0.0,0.49928373195741693,0.2368083949870281,0.014907669078023026,0.05006045430175976
priority-greedy-best-search,0.2764309548210656,0.8910256748917196,0.21942451472453295,0.49928373195741693,0.0,0.3357183891446335,0.31020864550881955,0.1955965055991642
priority-greedy-first-search,0.18831677209646747,0.6699916197124026,0.23442519414915242,0.2368083949870281,0.3357183891446335,0.0,0.40036394145801846,0.22698026415110273
greedy-re-best-search,0.8621628959363773,0.015418788245561662,0.8650573794343018,0.014907669078023026,0.31020864550881955,0.40036394145801846,0.0,0.7478074377587076
greedy-re-first-search,0.5982449742226372,0.014548829973950671,0.4030990462679106,0.05006045430175976,0.1955965055991642,0.22698026415110273,0.7478074377587076,0.0
